{
  "evaluation_info": {
    "total_files": 13,
    "repositories_tested": 6,
    "total_evaluations": 67
  },
  "repository_summary": {
    "docling": {
      "scores": [
        0.7001815611413805,
        0.4938366064611855,
        0.517850055263128,
        0.6805672407576815,
        0.7095058706560681,
        0.5205165562984491,
        0.7168116828406952,
        0.833592773493472,
        0.5081679450118344,
        0.6383295761306047,
        0.6003481498668048,
        0.4769365610481221,
        0.47063588327222494
      ],
      "processing_times": [
        0.0,
        0.0,
        0.0,
        0.0,
        0.0,
        0.0,
        0.0,
        0.0,
        0.0,
        0.0,
        0.0,
        0.0,
        0.0
      ],
      "success_count": 13,
      "total_count": 13,
      "average_score": 0.6051754201724348,
      "average_processing_time": 0.0,
      "success_rate": 1.0
    },
    "dolphin": {
      "scores": [
        0.5316138996913924,
        0.5542417754936537
      ],
      "processing_times": [
        0.0,
        0.0
      ],
      "success_count": 2,
      "total_count": 2,
      "average_score": 0.542927837592523,
      "average_processing_time": 0.0,
      "success_rate": 1.0
    },
    "marker_advance": {
      "scores": [
        0.767324476931335,
        0.5588689220976479,
        0.504251215520557,
        0.550795607109881,
        0.7053306240023018,
        0.571710791895925,
        0.5849914523306359,
        0.8903773485502913,
        0.6101010345986546,
        0.7005577980978568,
        0.5158136110888268,
        0.7195904328241284,
        0.6115950401715906
      ],
      "processing_times": [
        0.0,
        0.0,
        0.0,
        0.0,
        0.0,
        0.0,
        0.0,
        0.0,
        0.0,
        0.0,
        0.0,
        0.0,
        0.0
      ],
      "success_count": 13,
      "total_count": 13,
      "average_score": 0.6377929504015102,
      "average_processing_time": 0.0,
      "success_rate": 1.0
    },
    "marker_basic": {
      "scores": [
        0.6717473770766,
        0.6580193061596008,
        0.49351112477542686,
        0.7152165981836154,
        0.7278234615493444,
        0.625815563569475,
        0.8364642072751101,
        0.8556910535917523,
        0.6020179403775849,
        0.8541934961445554,
        0.5687795876299551,
        0.6271970261495432,
        0.637442217211251
      ],
      "processing_times": [
        0.0,
        0.0,
        0.0,
        0.0,
        0.0,
        0.0,
        0.0,
        0.0,
        0.0,
        0.0,
        0.0,
        0.0,
        0.0
      ],
      "success_count": 13,
      "total_count": 13,
      "average_score": 0.682609150745678,
      "average_processing_time": 0.0,
      "success_rate": 1.0
    },
    "parsr": {
      "scores": [
        0.3205516781440084,
        0.695996480210334,
        0.6427222842806227,
        0.7555243857831389,
        0.7721851926421208,
        0.6851360624546361,
        0.9461800015192123,
        0.9953706842576728,
        0.5904683132051065,
        0.8109491687017127,
        0.6099154239329954,
        0.7255185458213664,
        0.6285530966785442
      ],
      "processing_times": [
        0.0,
        0.0,
        0.0,
        0.0,
        0.0,
        0.0,
        0.0,
        0.0,
        0.0,
        0.0,
        0.0,
        0.0,
        0.0
      ],
      "success_count": 13,
      "total_count": 13,
      "average_score": 0.7060824090485748,
      "average_processing_time": 0.0,
      "success_rate": 1.0
    },
    "unstructured": {
      "scores": [
        0.4762562180751662,
        0.4615617910760327,
        0.5552719185273605,
        0.5358245318086212,
        0.49398774453301997,
        0.4048264135168891,
        0.8645202543741344,
        0.39230296667129294,
        0.5168332958098104,
        0.6392743101469938,
        0.5896073236116931,
        0.5609861712991624,
        0.4861168024013983
      ],
      "processing_times": [
        0.0,
        0.0,
        0.0,
        0.0,
        0.0,
        0.0,
        0.0,
        0.0,
        0.0,
        0.0,
        0.0,
        0.0,
        0.0
      ],
      "success_count": 13,
      "total_count": 13,
      "average_score": 0.5367207493731981,
      "average_processing_time": 0.0,
      "success_rate": 1.0
    }
  },
  "file_summary": {
    "[123doc] - File1.md": {
      "repositories": 6,
      "best_score": 0.767324476931335,
      "worst_score": 0.3205516781440084,
      "average_score": 0.5779458685099804
    },
    "[123doc] - File10.md": {
      "repositories": 6,
      "best_score": 0.695996480210334,
      "worst_score": 0.4615617910760327,
      "average_score": 0.5704208135830758
    },
    "[123doc] - File11.md": {
      "repositories": 5,
      "best_score": 0.6427222842806227,
      "worst_score": 0.49351112477542686,
      "average_score": 0.542721319673419
    },
    "[123doc] - File12.md": {
      "repositories": 5,
      "best_score": 0.7555243857831389,
      "worst_score": 0.5358245318086212,
      "average_score": 0.6475856727285876
    },
    "[123doc] - File13.md": {
      "repositories": 5,
      "best_score": 0.7721851926421208,
      "worst_score": 0.49398774453301997,
      "average_score": 0.681766578676571
    },
    "[123doc] - File2.md": {
      "repositories": 5,
      "best_score": 0.6851360624546361,
      "worst_score": 0.4048264135168891,
      "average_score": 0.5616010775470748
    },
    "[123doc] - File3.md": {
      "repositories": 5,
      "best_score": 0.9461800015192123,
      "worst_score": 0.5849914523306359,
      "average_score": 0.7897935196679576
    },
    "[123doc] - File4.md": {
      "repositories": 5,
      "best_score": 0.9953706842576728,
      "worst_score": 0.39230296667129294,
      "average_score": 0.7934669653128963
    },
    "[123doc] - File5.md": {
      "repositories": 5,
      "best_score": 0.6101010345986546,
      "worst_score": 0.5081679450118344,
      "average_score": 0.5655177058005981
    },
    "[123doc] - File6.md": {
      "repositories": 5,
      "best_score": 0.8541934961445554,
      "worst_score": 0.6383295761306047,
      "average_score": 0.7286608698443446
    },
    "[123doc] - File7.md": {
      "repositories": 5,
      "best_score": 0.6099154239329954,
      "worst_score": 0.5158136110888268,
      "average_score": 0.5768928192260551
    },
    "[123doc] - File8.md": {
      "repositories": 5,
      "best_score": 0.7255185458213664,
      "worst_score": 0.4769365610481221,
      "average_score": 0.6220457474284645
    },
    "[123doc] - File9.md": {
      "repositories": 5,
      "best_score": 0.637442217211251,
      "worst_score": 0.47063588327222494,
      "average_score": 0.5668686079470018
    }
  }
}