Repository,Files_Evaluated,Avg_Precision,Avg_Recall,Avg_F1,Avg_Accuracy,Avg_Processing_Time
docling,12,0.6906095575452638,0.3438588841599679,0.42379950493303586,0.5855340002296736,53.36556053161621
dolphin,2,0.5207203881447104,0.19499549320061135,0.28003090550253207,0.3299276287782035,13.885399460792542
marker_advance,12,0.8494056858213276,0.3982511101063813,0.5011706042056869,0.2624261185526505,43.516942818959556
marker_basic,12,0.8876907937739278,0.46732150076232176,0.5697081984461086,0.5579590610436734,43.30613088607788
parsr,12,0.9324507348029392,0.4864148934219645,0.5993791507943995,0.7858297969625776,39.951675136884056
unstructured,12,0.9194277999057133,0.47945458973471405,0.590313144075746,0.6961928640393189,35.614134311676025
