{
  "evaluation_info": {
    "total_files": 13,
    "repositories_tested": 6,
    "total_evaluations": 65
  },
  "repository_summary": {
    "docling": {
      "scores": [
        0.9233418328429771,
        0.6036131078224102,
        0.5448842874543239,
        0.6876994559462519,
        0.768531301891012,
        0.5994150089084719,
        0.85,
        0.7833333333333333,
        0.5826750700280112,
        0.7721714865550482,
        0.6147241498959056,
        0.6576320127952756,
        0.5981464646464647
      ],
      "processing_times": [
        0.0,
        0.0,
        0.0,
        0.0,
        0.0,
        0.0,
        0.0,
        0.0,
        0.0,
        0.0,
        0.0,
        0.0,
        0.0
      ],
      "success_count": 13,
      "total_count": 13,
      "average_score": 0.691243654778422,
      "average_processing_time": 0.0,
      "success_rate": 1.0
    },
    "dolphin": {
      "scores": [],
      "processing_times": [],
      "success_count": 0,
      "total_count": 0,
      "average_score": 0,
      "average_processing_time": 0,
      "success_rate": 0
    },
    "marker_advance": {
      "scores": [
        0.9190526315789473,
        0.6834782232191564,
        0.8345742272255591,
        0.6275692089026714,
        0.8169067282724344,
        0.7301357794271783,
        0.898897490030495,
        0.8641821946169773,
        0.848939393939394,
        0.8398625262670136,
        0.7033901523121348,
        0.8909004558994477,
        0.7906545161714437
      ],
      "processing_times": [
        0.0,
        0.0,
        0.0,
        0.0,
        0.0,
        0.0,
        0.0,
        0.0,
        0.0,
        0.0,
        0.0,
        0.0,
        0.0
      ],
      "success_count": 13,
      "total_count": 13,
      "average_score": 0.8037341175279118,
      "average_processing_time": 0.0,
      "success_rate": 1.0
    },
    "marker_basic": {
      "scores": [
        0.8271726868423908,
        0.7299020195446119,
        0.6062548709740597,
        0.7500000000000001,
        0.7939050495371486,
        0.7673676641847081,
        0.9146525679758309,
        0.8099999999999999,
        0.7217399267399268,
        0.914367816091954,
        0.6754929597825772,
        0.8063512288621382,
        0.8190584192439861
      ],
      "processing_times": [
        0.0,
        0.0,
        0.0,
        0.0,
        0.0,
        0.0,
        0.0,
        0.0,
        0.0,
        0.0,
        0.0,
        0.0,
        0.0
      ],
      "success_count": 13,
      "total_count": 13,
      "average_score": 0.779712708444564,
      "average_processing_time": 0.0,
      "success_rate": 1.0
    },
    "parsr": {
      "scores": [
        0.5457716701902748,
        0.7604004606778545,
        0.7557224643321389,
        0.8288622699778887,
        0.8202819475844767,
        0.826934337902931,
        1.0,
        1.0,
        0.6817006802721088,
        0.9112272983235917,
        0.68224043715847,
        0.8230597730562449,
        0.7538023450586264
      ],
      "processing_times": [
        0.0,
        0.0,
        0.0,
        0.0,
        0.0,
        0.0,
        0.0,
        0.0,
        0.0,
        0.0,
        0.0,
        0.0,
        0.0
      ],
      "success_count": 13,
      "total_count": 13,
      "average_score": 0.7992310526565082,
      "average_processing_time": 0.0,
      "success_rate": 1.0
    },
    "unstructured": {
      "scores": [
        0.7596161378770074,
        0.5156948210432105,
        0.6332116418213163,
        0.5868307606730636,
        0.5441670923375762,
        0.4826379429827705,
        0.847411003236246,
        0.6333333333333333,
        0.6300768882858435,
        0.6966414687280098,
        0.6333333333333333,
        0.6333333333333333,
        0.6204690117252931
      ],
      "processing_times": [
        0.0,
        0.0,
        0.0,
        0.0,
        0.0,
        0.0,
        0.0,
        0.0,
        0.0,
        0.0,
        0.0,
        0.0,
        0.0
      ],
      "success_count": 13,
      "total_count": 13,
      "average_score": 0.6320582129777181,
      "average_processing_time": 0.0,
      "success_rate": 1.0
    }
  },
  "file_summary": {
    "[123doc] - File1.md": {
      "repositories": 5,
      "best_score": 0.9233418328429771,
      "worst_score": 0.5457716701902748,
      "average_score": 0.7949909918663195
    },
    "[123doc] - File10.md": {
      "repositories": 5,
      "best_score": 0.7604004606778545,
      "worst_score": 0.5156948210432105,
      "average_score": 0.6586177264614487
    },
    "[123doc] - File11.md": {
      "repositories": 5,
      "best_score": 0.8345742272255591,
      "worst_score": 0.5448842874543239,
      "average_score": 0.6749294983614795
    },
    "[123doc] - File12.md": {
      "repositories": 5,
      "best_score": 0.8288622699778887,
      "worst_score": 0.5868307606730636,
      "average_score": 0.6961923390999751
    },
    "[123doc] - File13.md": {
      "repositories": 5,
      "best_score": 0.8202819475844767,
      "worst_score": 0.5441670923375762,
      "average_score": 0.7487584239245295
    },
    "[123doc] - File2.md": {
      "repositories": 5,
      "best_score": 0.826934337902931,
      "worst_score": 0.4826379429827705,
      "average_score": 0.681298146681212
    },
    "[123doc] - File3.md": {
      "repositories": 5,
      "best_score": 1.0,
      "worst_score": 0.847411003236246,
      "average_score": 0.9021922122485144
    },
    "[123doc] - File4.md": {
      "repositories": 5,
      "best_score": 1.0,
      "worst_score": 0.6333333333333333,
      "average_score": 0.8181697722567287
    },
    "[123doc] - File5.md": {
      "repositories": 5,
      "best_score": 0.848939393939394,
      "worst_score": 0.5826750700280112,
      "average_score": 0.6930263918530569
    },
    "[123doc] - File6.md": {
      "repositories": 5,
      "best_score": 0.914367816091954,
      "worst_score": 0.6966414687280098,
      "average_score": 0.8268541191931235
    },
    "[123doc] - File7.md": {
      "repositories": 5,
      "best_score": 0.7033901523121348,
      "worst_score": 0.6147241498959056,
      "average_score": 0.6618362064964842
    },
    "[123doc] - File8.md": {
      "repositories": 5,
      "best_score": 0.8909004558994477,
      "worst_score": 0.6333333333333333,
      "average_score": 0.7622553607892879
    },
    "[123doc] - File9.md": {
      "repositories": 5,
      "best_score": 0.8190584192439861,
      "worst_score": 0.5981464646464647,
      "average_score": 0.7164261513691628
    }
  }
}